{"cameraMode":{"drawMode":0,"name":"Shaded","section":"Shading Mode"},"sceneLighting":false,"audioPlay":false,"sceneViewState":{"showFog":true,"showMaterialUpdate":false,"showSkybox":false,"showFlares":true,"showImageEffects":true,"showParticleSystems":true},"in2DMode":false,"pivot":{"x":19.977510452270509,"y":0.6199972033500671,"z":34.94990158081055},"rotation":{"x":0.01354864239692688,"y":-0.9763221144676209,"z":0.20686931908130647,"w":0.0633259117603302},"size":8.876326560974121,"orthographic":true}