{"cameraMode":{"drawMode":0,"name":"Shaded","section":"Shading Mode"},"sceneLighting":false,"audioPlay":false,"sceneViewState":{"showFog":true,"showMaterialUpdate":false,"showSkybox":false,"showFlares":true,"showImageEffects":true,"showParticleSystems":true},"in2DMode":false,"pivot":{"x":24.81802749633789,"y":0.6999971866607666,"z":14.42694091796875},"rotation":{"x":0.0174718014895916,"y":-0.9703593254089356,"z":0.23006807267665864,"w":0.07317748665809632},"size":8.876323699951172,"orthographic":true}