{"cameraMode":{"drawMode":0,"name":"Shaded","section":"Shading Mode"},"sceneLighting":false,"audioPlay":false,"sceneViewState":{"showFog":true,"showMaterialUpdate":false,"showSkybox":false,"showFlares":true,"showImageEffects":true,"showParticleSystems":true},"in2DMode":false,"pivot":{"x":-2.2036232948303224,"y":-4.48798942565918,"z":0.3857623338699341},"rotation":{"x":-0.1878543496131897,"y":0.7440516352653503,"z":-0.23406778275966645,"w":-0.5970115065574646},"size":16.37355613708496,"orthographic":false}